employee_id,department,region,education,gender,recruitment_channel,no_of_trainings,age,previous_year_rating,length_of_service,KPIs_met_more_than_80,awards_won,avg_training_score
8724,Technology,region_26,Bachelors,m,sourcing,1,24,,1,1,0,77
74430,HR,region_4,Bachelors,f,other,1,31,3,5,0,0,51
72255,"Sales & Marketing",region_13,Bachelors,m,other,1,31,1,4,0,0,47
38562,Procurement,region_2,Bachelors,f,other,3,31,2,9,0,0,65
64486,Finance,region_29,Bachelors,m,sourcing,1,30,4,7,0,0,61
46232,Procurement,region_7,Bachelors,m,sourcing,1,36,3,2,0,0,68
54542,Finance,region_2,Bachelors,m,other,1,33,5,3,1,0,57
67269,Analytics,region_22,Bachelors,m,sourcing,2,36,3,3,0,0,85
66174,Technology,region_7,"Masters & above",m,other,1,51,4,11,0,0,75
76303,Technology,region_22,Bachelors,m,sourcing,1,29,5,2,1,0,76
60245,"Sales & Marketing",region_16,Bachelors,m,sourcing,2,40,5,12,1,0,50
42639,"Sales & Marketing",region_17,"Masters & above",m,sourcing,1,40,3,10,0,0,46
30963,"Sales & Marketing",region_4,"Masters & above",f,other,1,34,3,4,0,0,52
54055,Analytics,region_24,Bachelors,m,other,1,37,3,10,0,0,82
42996,Operations,region_11,Bachelors,m,sourcing,1,30,5,6,1,0,58
12737,"Sales & Marketing",region_7,Bachelors,m,sourcing,1,31,4,4,1,0,47
27561,Operations,region_27,Bachelors,f,sourcing,1,26,5,3,0,0,56
26622,"Sales & Marketing",region_17,Bachelors,m,sourcing,1,40,5,6,1,0,50
31582,Procurement,region_7,Bachelors,f,other,1,49,3,7,1,0,64
29793,Procurement,region_27,Bachelors,m,other,1,27,2,5,0,0,65
72735,"Sales & Marketing",region_9,"Masters & above",m,sourcing,1,37,5,3,0,0,47
5677,Technology,region_17,Bachelors,m,sourcing,1,25,,1,0,0,80
60889,Technology,region_29,"Masters & above",m,sourcing,1,30,1,3,0,0,83
51498,Procurement,region_4,"Masters & above",m,other,1,41,3,4,0,0,76
8566,Finance,region_20,Bachelors,f,other,1,29,4,6,1,0,58
53151,Operations,region_20,Bachelors,m,other,1,33,3,7,1,1,62
16203,"Sales & Marketing",region_17,"Masters & above",m,sourcing,1,34,4,6,1,0,50
61083,Analytics,region_13,Bachelors,m,sourcing,1,34,3,3,1,0,87
74849,Operations,region_22,Bachelors,m,other,1,52,1,10,0,0,61
13259,"Sales & Marketing",region_34,Bachelors,m,sourcing,1,30,2,3,0,0,50
72407,Analytics,region_2,"Masters & above",m,sourcing,2,34,4,7,0,0,87
65237,"Sales & Marketing",region_2,Bachelors,m,sourcing,2,43,1,14,0,0,52
67672,Technology,region_17,Bachelors,m,other,1,29,,1,1,0,85
77460,"Sales & Marketing",region_2,Bachelors,f,sourcing,1,35,3,3,1,0,52
67317,Technology,region_22,"Masters & above",m,other,4,40,3,12,0,0,77
68788,Technology,region_23,Bachelors,m,sourcing,2,33,4,9,0,0,83
36834,"Sales & Marketing",region_8,"Masters & above",m,other,1,30,3,2,1,0,55
64281,"Sales & Marketing",region_14,Bachelors,f,sourcing,2,42,1,3,1,0,46
1822,"Sales & Marketing",region_22,Bachelors,m,sourcing,3,29,1,3,0,0,51
55325,Analytics,region_22,Bachelors,m,other,1,25,,1,0,0,88
41432,Analytics,region_26,Bachelors,m,sourcing,1,26,5,4,1,0,90
52061,"Sales & Marketing",region_31,Bachelors,m,other,1,27,2,3,0,0,52
39973,Operations,region_13,Bachelors,m,other,1,34,5,5,1,0,66
42524,"Sales & Marketing",region_31,Bachelors,m,sourcing,1,26,4,5,0,0,45
7935,Technology,region_2,Bachelors,f,other,1,52,5,18,0,0,80
49940,"Sales & Marketing",region_7,Bachelors,m,other,1,26,5,2,1,0,54
10059,Analytics,region_34,Bachelors,m,sourcing,3,27,3,2,0,0,83
44159,Analytics,region_22,"Masters & above",m,other,1,31,,1,1,0,84
76691,Operations,region_23,Bachelors,m,other,1,33,4,8,1,0,59
3720,"Sales & Marketing",region_2,,m,sourcing,1,36,5,4,1,0,49
5621,Technology,region_2,"Masters & above",f,other,1,57,1,26,0,0,76
24147,"Sales & Marketing",region_2,Bachelors,m,other,2,46,1,7,0,0,49
33997,"Sales & Marketing",region_19,Bachelors,m,sourcing,1,30,2,3,0,0,50
64076,Operations,region_2,"Below Secondary",m,other,1,21,,1,1,0,56
21379,Technology,region_4,Bachelors,m,sourcing,1,26,,1,1,0,85
23714,Technology,region_7,"Masters & above",m,sourcing,2,40,3,6,0,0,81
19866,Technology,region_23,Bachelors,m,other,2,32,3,6,0,0,79
4529,Finance,region_22,"Masters & above",f,sourcing,1,36,3,2,1,0,61
64703,Legal,region_2,Bachelors,m,other,1,28,2,2,0,0,62
19649,Operations,region_22,Bachelors,f,sourcing,1,29,5,4,1,0,56
6596,"Sales & Marketing",region_2,"Masters & above",m,sourcing,1,38,4,4,0,0,49
7999,Technology,region_4,Bachelors,m,other,1,31,2,4,1,0,78
4762,"Sales & Marketing",region_22,Bachelors,m,other,1,29,1,4,0,0,46
5387,Technology,region_5,"Below Secondary",m,other,1,23,,1,0,0,81
24620,Operations,region_26,Bachelors,m,sourcing,1,41,4,6,1,0,60
57989,Procurement,region_2,Bachelors,m,other,1,29,5,2,1,0,74
75619,"Sales & Marketing",region_28,Bachelors,f,other,1,29,2,5,0,0,51
26977,Operations,region_2,,m,sourcing,1,28,3,3,0,0,59
65975,Analytics,region_29,Bachelors,m,other,2,28,5,4,1,0,84
51302,Procurement,region_22,Bachelors,f,sourcing,1,31,1,6,0,0,64
63714,Technology,region_4,"Masters & above",m,sourcing,1,36,3,4,0,0,76
70556,Operations,region_2,Bachelors,m,other,3,26,3,4,1,0,57
70117,Technology,region_15,Bachelors,m,other,1,29,3,2,0,0,84
51972,Analytics,region_7,Bachelors,m,sourcing,1,32,4,6,0,0,85
60572,"Sales & Marketing",region_2,Bachelors,f,other,1,40,1,10,0,0,50
9548,Analytics,region_22,Bachelors,m,sourcing,2,38,4,13,0,0,87
64,Analytics,region_4,Bachelors,m,other,1,42,5,11,1,0,80
35510,Procurement,region_29,"Masters & above",f,other,1,33,3,6,0,0,68
10732,Analytics,region_2,Bachelors,m,other,1,31,5,5,1,0,92
9214,Operations,region_3,"Masters & above",f,sourcing,1,35,3,4,0,0,58
10761,HR,region_2,"Masters & above",f,sourcing,1,58,5,6,1,0,51
32110,"Sales & Marketing",region_28,Bachelors,f,sourcing,1,26,2,4,0,0,48
50038,HR,region_29,Bachelors,f,sourcing,1,33,3,8,1,0,49
1555,Technology,region_7,Bachelors,m,sourcing,1,30,3,3,1,0,80
21200,Technology,region_13,"Masters & above",f,sourcing,1,43,3,12,0,0,79
50380,HR,region_17,Bachelors,f,sourcing,1,31,4,7,0,0,48
45009,Analytics,region_29,Bachelors,m,sourcing,1,32,3,5,1,0,86
65450,Technology,region_2,"Masters & above",f,sourcing,2,57,2,7,0,0,83
77333,Operations,region_2,Bachelors,f,other,1,54,4,22,0,0,57
2347,Analytics,region_15,,m,other,2,37,5,8,1,0,82
8443,R&D,region_22,"Masters & above",m,other,2,27,4,5,0,0,86
39490,Operations,region_22,"Masters & above",m,sourcing,1,44,3,10,0,0,55
69077,Technology,region_24,"Masters & above",f,other,1,37,3,10,0,0,81
64652,Procurement,region_7,"Masters & above",m,other,1,48,4,8,0,0,72
5254,"Sales & Marketing",region_25,Bachelors,f,other,1,31,3,6,1,0,43
71131,Finance,region_22,Bachelors,f,other,1,28,5,5,1,0,60
19620,Procurement,region_13,"Masters & above",f,other,1,34,3,4,0,0,69
41266,"Sales & Marketing",region_14,Bachelors,f,sourcing,1,44,1,4,0,0,47
11001,"Sales & Marketing",region_12,Bachelors,m,sourcing,1,27,5,2,0,0,50
28530,Operations,region_22,"Masters & above",m,referred,1,45,3,4,1,0,57
72481,"Sales & Marketing",region_13,Bachelors,m,sourcing,1,24,4,2,0,0,48
67417,Analytics,region_29,Bachelors,m,other,1,37,5,4,0,0,82
51840,Analytics,region_22,"Masters & above",m,other,1,27,,1,1,0,86
43223,Legal,region_22,Bachelors,m,other,1,33,,1,1,0,59
40287,"Sales & Marketing",region_2,"Masters & above",f,other,1,31,1,2,1,0,53
29367,"Sales & Marketing",region_7,"Masters & above",m,sourcing,3,38,3,5,0,0,49
36352,Procurement,region_22,Bachelors,m,other,1,32,5,2,1,0,72
29681,Analytics,region_19,Bachelors,m,other,1,29,3,4,0,0,84
30233,"Sales & Marketing",region_15,Bachelors,m,other,1,37,4,9,0,0,50
66601,Operations,region_13,Bachelors,m,other,2,42,3,12,0,0,60
40276,R&D,region_22,"Masters & above",m,sourcing,2,32,5,5,1,0,88
1522,Operations,region_13,Bachelors,m,other,1,45,3,3,0,0,60
17936,Analytics,region_29,Bachelors,m,other,1,28,3,7,0,0,83
26270,Technology,region_15,"Masters & above",m,sourcing,1,35,1,9,0,0,81
6837,"Sales & Marketing",region_4,Bachelors,m,other,3,28,3,5,0,0,48
49665,Operations,region_8,Bachelors,f,other,1,37,1,3,1,0,59
1908,Analytics,region_4,"Masters & above",m,other,1,38,4,7,1,0,88
6474,Procurement,region_2,Bachelors,f,sourcing,1,31,1,6,0,0,68
27495,Operations,region_2,"Masters & above",m,other,2,43,3,2,0,0,69
24324,Operations,region_23,Bachelors,m,other,1,32,3,2,1,0,62
14299,Procurement,region_2,"Below Secondary",m,sourcing,1,24,4,2,1,0,69
56246,Operations,region_2,"Masters & above",m,other,1,52,5,8,0,0,59
3901,Technology,region_13,"Masters & above",m,other,1,38,5,2,0,0,88
41566,Finance,region_20,Bachelors,m,other,1,35,3,4,0,0,59
55735,Technology,region_31,"Masters & above",m,other,1,39,5,4,0,1,81
53627,Procurement,region_7,Bachelors,m,other,1,31,3,5,1,0,65
62683,Operations,region_27,Bachelors,m,sourcing,1,37,3,5,0,0,57
42719,Analytics,region_21,,m,sourcing,1,27,,1,0,0,80
44948,Operations,region_30,"Masters & above",f,other,1,37,5,9,1,0,56
26037,Analytics,region_16,Bachelors,m,other,2,31,3,5,1,0,81
30607,Analytics,region_22,Bachelors,m,sourcing,1,28,5,4,1,0,85
46103,Technology,region_15,Bachelors,m,other,1,26,3,3,0,0,77
6452,Finance,region_2,"Masters & above",m,other,1,49,4,7,1,0,62
47286,Procurement,region_13,Bachelors,f,other,1,34,3,9,0,0,68
44117,Finance,region_4,"Masters & above",f,other,1,38,3,2,0,0,58
1367,"Sales & Marketing",region_13,"Masters & above",m,other,1,52,4,4,1,0,51
26228,"Sales & Marketing",region_22,Bachelors,m,sourcing,3,31,1,7,1,0,50
65694,Technology,region_2,Bachelors,f,other,1,24,1,2,0,0,82
2721,Analytics,region_22,,f,sourcing,2,26,5,3,1,0,86
63901,HR,region_7,Bachelors,m,other,1,31,2,5,0,0,66
4701,Technology,region_26,Bachelors,f,other,1,43,1,4,1,0,86
35341,Procurement,region_4,"Masters & above",m,other,4,37,3,6,0,0,68
3203,"Sales & Marketing",region_2,,m,sourcing,1,37,4,4,0,0,50
10361,HR,region_2,"Masters & above",m,other,1,37,5,9,1,0,53
6572,Operations,region_29,Bachelors,m,other,1,32,5,8,1,0,58
70408,"Sales & Marketing",region_26,Bachelors,f,other,1,30,4,2,0,0,53
11774,Procurement,region_20,Bachelors,f,other,1,30,5,4,1,0,71
37873,"Sales & Marketing",region_7,Bachelors,m,sourcing,1,27,4,3,0,0,50
3886,"Sales & Marketing",region_2,Bachelors,m,other,2,36,4,8,0,0,45
23347,Technology,region_9,Bachelors,m,sourcing,4,30,3,2,0,0,78
3034,Procurement,region_2,"Masters & above",m,sourcing,1,49,4,19,0,0,73
30137,"Sales & Marketing",region_10,"Masters & above",m,other,1,38,5,5,0,0,63
52431,"Sales & Marketing",region_30,Bachelors,m,other,1,29,3,6,0,0,51
11061,Technology,region_33,Bachelors,m,other,1,48,3,6,1,0,81
9706,"Sales & Marketing",region_21,Bachelors,m,other,1,29,,1,0,0,53
17607,Analytics,region_2,"Masters & above",m,other,1,59,4,13,0,0,82
64986,Operations,region_7,Bachelors,f,other,1,36,5,5,1,0,62
8082,Finance,region_13,Bachelors,m,other,1,28,3,3,0,0,59
20982,Procurement,region_22,Bachelors,m,other,2,27,4,2,1,0,68
5794,Operations,region_2,Bachelors,m,sourcing,1,25,3,2,0,0,62
69381,"Sales & Marketing",region_26,Bachelors,m,other,1,30,5,6,1,0,52
50176,HR,region_27,"Below Secondary",m,other,1,23,,1,0,0,51
1612,HR,region_15,Bachelors,f,sourcing,1,28,,1,0,0,50
48923,"Sales & Marketing",region_2,Bachelors,m,other,1,38,4,5,1,0,48
50366,"Sales & Marketing",region_22,Bachelors,m,sourcing,1,30,,1,1,0,45
48813,HR,region_2,Bachelors,f,other,1,53,4,21,0,0,53
5574,"Sales & Marketing",region_8,"Masters & above",m,other,1,35,3,8,0,0,45
57601,HR,region_2,Bachelors,m,other,1,45,3,14,1,0,53
26788,"Sales & Marketing",region_26,,m,sourcing,1,40,1,8,0,0,51
564,Operations,region_32,Bachelors,m,other,1,39,3,8,0,0,58
3864,Analytics,region_13,Bachelors,m,other,1,46,4,6,0,0,82
19598,Technology,region_5,Bachelors,m,sourcing,2,29,3,3,0,0,79
19513,Analytics,region_6,Bachelors,m,other,1,28,,1,1,0,84
74965,Technology,region_15,Bachelors,f,other,1,34,4,6,1,0,82
42353,"Sales & Marketing",region_9,Bachelors,m,other,1,23,,1,1,0,47
13367,"Sales & Marketing",region_14,Bachelors,m,other,1,38,5,3,0,0,51
38556,HR,region_22,"Masters & above",m,sourcing,1,32,3,5,0,0,52
51344,Operations,region_26,Bachelors,m,other,1,33,3,5,1,0,58
28320,Procurement,region_2,Bachelors,f,other,1,39,4,9,0,0,70
56104,Procurement,region_4,"Masters & above",m,other,4,36,3,6,0,0,71
68882,Operations,region_22,Bachelors,m,sourcing,2,33,4,4,0,0,59
75800,"Sales & Marketing",region_2,Bachelors,f,other,1,29,4,6,1,0,45
13223,R&D,region_7,Bachelors,f,other,1,32,3,5,0,0,85
62740,"Sales & Marketing",region_28,Bachelors,f,sourcing,1,26,3,2,1,0,46
67233,Analytics,region_32,Bachelors,m,sourcing,1,38,3,3,0,0,82
49207,Procurement,region_22,"Masters & above",m,sourcing,1,42,2,15,0,0,70
19053,Operations,region_32,Bachelors,f,sourcing,1,30,5,6,0,0,60
38096,Analytics,region_22,Bachelors,m,sourcing,2,28,,1,0,0,83
46519,"Sales & Marketing",region_14,Bachelors,m,other,1,36,4,6,0,0,47
2111,Procurement,region_2,Bachelors,f,other,1,56,5,6,0,0,84
69413,"Sales & Marketing",region_14,Bachelors,f,other,1,30,3,5,0,0,51
53827,"Sales & Marketing",region_15,Bachelors,m,other,2,25,,1,0,0,50
40064,HR,region_7,Bachelors,f,other,1,29,5,6,1,0,49
33502,"Sales & Marketing",region_7,Bachelors,m,other,1,36,2,7,0,0,47
15182,Technology,region_14,Bachelors,f,other,1,39,3,4,0,0,80
13593,Analytics,region_26,Bachelors,m,sourcing,1,30,5,4,1,0,84
15613,R&D,region_2,Bachelors,m,other,2,42,3,9,0,0,84
75751,"Sales & Marketing",region_26,Bachelors,m,sourcing,2,37,4,9,0,0,49
71625,Procurement,region_22,Bachelors,m,sourcing,1,31,2,2,1,0,66
37763,"Sales & Marketing",region_28,"Masters & above",m,sourcing,1,32,4,6,1,0,48
10812,Operations,region_15,"Masters & above",m,other,1,40,5,11,1,0,59
67357,Finance,region_2,Bachelors,m,sourcing,2,39,5,10,1,0,58
49583,"Sales & Marketing",region_26,Bachelors,m,other,1,40,4,10,1,0,47
45428,HR,region_22,Bachelors,m,sourcing,1,23,1,2,0,0,45
9978,Operations,region_2,Bachelors,m,sourcing,2,28,,1,0,0,60
44266,"Sales & Marketing",region_7,Bachelors,m,other,1,37,2,4,0,0,51
47252,Finance,region_2,"Below Secondary",m,sourcing,1,23,,1,1,0,58
57884,Operations,region_2,Bachelors,m,sourcing,1,37,3,9,0,0,61
24334,Legal,region_22,Bachelors,m,referred,1,29,5,3,1,0,54
58892,Operations,region_32,Bachelors,f,other,1,38,4,10,0,0,55
40799,Operations,region_22,Bachelors,m,other,2,39,4,10,0,0,57
33879,"Sales & Marketing",region_22,"Masters & above",m,other,2,38,5,7,1,0,48
24403,Procurement,region_13,Bachelors,m,sourcing,1,34,3,4,0,0,69
51150,Procurement,region_15,Bachelors,f,other,1,48,5,21,0,0,69
7722,R&D,region_26,"Masters & above",m,other,1,29,5,4,0,0,82
71271,Technology,region_13,"Masters & above",f,other,1,37,4,7,1,0,81
56772,"Sales & Marketing",region_22,,m,other,2,23,,1,1,0,53
65909,Operations,region_2,Bachelors,f,other,1,47,5,2,1,0,63
8228,"Sales & Marketing",region_14,Bachelors,m,sourcing,1,31,1,3,0,0,50
52138,Analytics,region_16,Bachelors,m,other,1,28,3,4,0,0,83
22999,Finance,region_28,"Masters & above",f,other,2,32,4,6,1,0,57
29196,Procurement,region_27,Bachelors,f,other,1,33,2,4,1,0,71
10663,Legal,region_6,Bachelors,m,sourcing,2,28,,1,1,0,58
65651,Legal,region_2,Bachelors,m,other,1,32,,1,1,0,62
17973,Operations,region_6,Bachelors,m,sourcing,1,34,3,10,0,0,67
10986,"Sales & Marketing",region_7,Bachelors,m,sourcing,1,38,5,3,1,0,52
19355,Technology,region_33,Bachelors,m,other,1,28,4,5,0,0,79
75402,Analytics,region_24,"Masters & above",m,other,1,34,3,3,0,0,87
52587,Procurement,region_2,Bachelors,m,other,1,44,2,16,0,0,70
41662,Procurement,region_20,Bachelors,m,sourcing,1,28,3,4,0,0,69
73944,Operations,region_27,Bachelors,f,other,1,31,1,5,1,0,61
3987,Analytics,region_29,Bachelors,m,other,1,34,2,5,0,0,84
40057,Procurement,region_2,"Below Secondary",m,other,1,22,3,2,1,0,71
76195,Procurement,region_2,Bachelors,m,other,1,20,,1,0,0,76
12411,Procurement,region_11,Bachelors,f,other,1,32,3,7,1,0,66
15161,Technology,region_2,"Masters & above",f,other,1,43,3,6,1,0,80
59084,Analytics,region_2,"Masters & above",f,other,1,42,5,13,1,0,85
53857,HR,region_7,Bachelors,m,other,1,41,3,8,1,0,54
42772,Technology,region_11,Bachelors,f,other,1,27,3,2,0,0,84
5294,Finance,region_2,Bachelors,m,sourcing,1,41,4,9,0,0,56
56439,Technology,region_23,Bachelors,m,other,1,26,5,2,1,0,76
29998,Analytics,region_34,Bachelors,m,other,1,35,5,10,1,0,85
76599,"Sales & Marketing",region_28,Bachelors,f,sourcing,1,28,1,3,0,0,58
27424,HR,region_2,Bachelors,f,sourcing,1,50,1,9,0,0,46
45605,"Sales & Marketing",region_22,"Masters & above",m,other,1,29,,1,1,1,46
75833,"Sales & Marketing",region_7,"Masters & above",m,other,2,37,1,10,0,0,49
57068,Operations,region_4,Bachelors,m,other,2,35,3,8,1,0,64
70129,"Sales & Marketing",region_28,"Masters & above",f,other,1,29,4,4,0,0,51
14733,"Sales & Marketing",region_6,Bachelors,f,sourcing,1,36,5,8,0,0,47
71886,Technology,region_5,"Below Secondary",m,other,1,22,,1,1,0,79
7561,Finance,region_2,Bachelors,m,other,1,36,3,3,0,0,55
59522,Operations,region_22,Bachelors,f,other,2,37,4,2,0,0,71
44299,Analytics,region_29,Bachelors,m,other,1,30,3,4,0,0,83
29220,Finance,region_2,Bachelors,m,sourcing,2,26,2,2,0,0,54
15869,Procurement,region_13,Bachelors,f,sourcing,2,28,5,3,1,0,68
51270,Operations,region_15,Bachelors,m,other,1,49,4,9,0,0,61
14778,Analytics,region_22,,m,other,1,29,5,2,1,0,84
19212,Procurement,region_21,"Masters & above",m,other,1,35,5,7,1,0,70
70890,Technology,region_24,Bachelors,m,other,1,32,2,6,0,0,90
31183,"Sales & Marketing",region_28,"Masters & above",f,sourcing,1,42,3,4,0,0,54
46628,Technology,region_4,"Masters & above",m,other,1,37,4,5,0,0,76
44670,"Sales & Marketing",region_29,Bachelors,m,other,1,28,5,2,0,0,45
70734,Procurement,region_15,Bachelors,m,other,1,38,4,2,1,1,97
47051,Analytics,region_2,Bachelors,m,sourcing,2,39,4,5,1,0,86
17760,Analytics,region_27,Bachelors,m,other,1,28,5,2,1,0,87
8180,Operations,region_14,Bachelors,m,other,2,34,3,10,0,0,60
24756,Operations,region_22,Bachelors,f,other,1,37,3,3,0,0,63
56780,"Sales & Marketing",region_2,"Masters & above",f,sourcing,2,38,1,6,0,0,51
59919,Finance,region_2,Bachelors,f,sourcing,1,24,5,2,1,0,57
18924,"Sales & Marketing",region_11,"Masters & above",m,other,1,36,3,7,0,0,52
42477,Procurement,region_2,Bachelors,m,other,1,41,2,15,0,0,70
50900,Operations,region_22,Bachelors,m,other,2,29,,1,0,0,60
11824,Technology,region_2,"Masters & above",f,sourcing,2,59,1,15,0,0,76
51740,"Sales & Marketing",region_12,Bachelors,f,sourcing,1,29,3,1,0,0,48
51364,Operations,region_22,Bachelors,f,other,1,29,5,3,0,0,57
64265,"Sales & Marketing",region_13,Bachelors,f,sourcing,3,31,1,5,0,0,51
46233,"Sales & Marketing",region_28,Bachelors,m,sourcing,1,31,5,7,0,0,51
41215,"Sales & Marketing",region_25,Bachelors,f,sourcing,1,31,4,3,0,0,50
47172,"Sales & Marketing",region_26,Bachelors,m,other,1,32,3,4,1,0,47
53542,Procurement,region_26,Bachelors,f,other,1,49,4,8,0,0,68
2121,Operations,region_2,"Masters & above",m,other,1,42,5,11,0,0,59
77677,"Sales & Marketing",region_11,Bachelors,m,other,1,32,5,7,1,0,49
38018,Analytics,region_11,Bachelors,m,other,1,30,3,4,0,0,80
29799,Analytics,region_4,Bachelors,m,other,1,32,5,8,0,0,86
565,Procurement,region_1,Bachelors,f,sourcing,2,29,1,2,0,0,74
33473,"Sales & Marketing",region_2,Bachelors,m,sourcing,2,31,1,6,0,0,50
14628,"Sales & Marketing",region_20,Bachelors,m,other,2,27,,1,1,1,48
46339,Operations,region_34,Bachelors,m,other,1,30,3,2,1,0,58
6352,Operations,region_2,Bachelors,f,sourcing,1,48,4,8,1,0,60
63568,"Sales & Marketing",region_2,Bachelors,m,sourcing,1,39,5,12,0,0,50
15317,Analytics,region_23,"Masters & above",m,sourcing,1,35,2,7,1,0,87
63035,Technology,region_2,Bachelors,f,other,1,47,4,7,0,0,78
22942,"Sales & Marketing",region_31,"Masters & above",m,other,1,46,5,3,1,0,51
62212,Procurement,region_31,"Masters & above",f,other,1,37,3,2,1,1,97
49252,Operations,region_19,Bachelors,m,other,1,26,5,6,1,0,60
38520,Technology,region_6,Bachelors,f,sourcing,1,31,5,4,1,0,87
65459,Operations,region_27,,m,other,1,26,,1,1,0,56
69109,Procurement,region_20,Bachelors,f,other,1,28,2,4,0,0,69
67985,Operations,region_4,"Masters & above",f,sourcing,2,36,1,6,1,1,65
74040,Technology,region_24,"Masters & above",f,other,1,35,1,7,0,0,80
31049,Analytics,region_13,Bachelors,m,sourcing,1,34,4,9,0,0,84
55523,Analytics,region_2,"Masters & above",m,sourcing,2,58,5,6,1,0,81
40579,"Sales & Marketing",region_22,"Masters & above",m,sourcing,1,29,2,5,1,0,50
40211,Operations,region_13,Bachelors,m,other,1,36,2,9,0,0,59
41982,R&D,region_2,Bachelors,m,sourcing,1,30,1,4,0,0,84
24286,HR,region_2,"Masters & above",f,other,1,40,3,10,0,0,49
53696,Procurement,region_15,Bachelors,m,other,1,38,3,4,1,0,71
47130,"Sales & Marketing",region_11,Bachelors,m,other,1,36,2,5,0,0,52
25340,"Sales & Marketing",region_2,Bachelors,m,other,1,41,4,9,0,0,49
16794,Procurement,region_22,"Masters & above",m,other,1,33,5,5,1,0,66
10399,Technology,region_31,Bachelors,m,sourcing,1,29,1,4,0,0,79
9095,Operations,region_22,"Masters & above",f,other,1,33,4,8,1,0,81
60624,"Sales & Marketing",region_7,"Masters & above",f,other,1,41,1,2,0,0,47
30188,Procurement,region_2,"Masters & above",m,other,2,41,3,10,0,0,67
19292,Operations,region_13,"Masters & above",m,other,1,41,3,4,0,0,60
58780,Technology,region_7,Bachelors,f,other,1,28,4,5,1,0,76
33674,"Sales & Marketing",region_7,"Masters & above",f,sourcing,1,32,5,7,1,0,53
17128,Technology,region_8,Bachelors,m,other,1,25,3,3,0,0,77
28127,Technology,region_13,"Below Secondary",f,sourcing,1,24,2,2,0,0,85
42650,"Sales & Marketing",region_7,Bachelors,m,other,1,53,4,10,1,0,45
58393,"Sales & Marketing",region_25,"Masters & above",m,sourcing,1,38,5,12,1,0,49
72037,Legal,region_22,Bachelors,m,sourcing,1,31,3,3,0,0,62
33736,"Sales & Marketing",region_2,Bachelors,f,other,2,51,3,17,0,0,52
51260,Operations,region_14,"Masters & above",m,sourcing,1,42,3,4,0,0,59
21326,Operations,region_2,"Masters & above",m,other,1,56,5,16,1,0,59
7784,"Sales & Marketing",region_4,Bachelors,m,other,1,48,4,9,0,0,46
33540,Procurement,region_2,"Masters & above",m,sourcing,1,56,3,2,1,0,65
14669,Technology,region_26,Bachelors,m,referred,1,27,,1,0,0,79
53267,R&D,region_26,Bachelors,m,other,1,31,4,6,0,0,84
51294,Procurement,region_22,"Masters & above",m,sourcing,2,33,3,3,0,0,72
4208,Technology,region_7,"Masters & above",m,referred,1,36,4,4,1,0,80
64266,Procurement,region_11,"Masters & above",f,other,1,38,5,4,1,0,70
57995,Procurement,region_5,Bachelors,m,other,1,36,2,4,0,0,64
76317,"Sales & Marketing",region_2,Bachelors,f,sourcing,1,50,4,21,1,0,49
32169,"Sales & Marketing",region_14,Bachelors,m,sourcing,1,40,1,3,0,0,47
22403,Finance,region_28,"Below Secondary",f,other,1,26,1,2,1,0,54
18775,Operations,region_20,Bachelors,m,sourcing,1,27,3,3,0,0,58
7007,"Sales & Marketing",region_27,"Masters & above",m,other,1,54,5,21,0,0,53
58836,Finance,region_26,Bachelors,f,other,1,29,4,7,0,0,67
67403,Procurement,region_2,Bachelors,m,sourcing,3,31,4,4,0,0,67
34371,Technology,region_2,"Masters & above",m,other,2,45,5,15,0,0,75
17603,Analytics,region_26,Bachelors,m,sourcing,1,29,,1,0,0,84
72636,Procurement,region_22,"Masters & above",m,other,1,39,3,5,0,0,70
44193,"Sales & Marketing",region_22,Bachelors,m,other,1,20,,1,0,0,49
41162,"Sales & Marketing",region_22,Bachelors,m,other,1,28,5,2,0,0,51
42939,"Sales & Marketing",region_30,Bachelors,m,other,1,42,3,4,0,0,51
37227,Operations,region_7,Bachelors,m,other,1,33,4,3,0,0,58
34986,"Sales & Marketing",region_15,Bachelors,m,sourcing,1,33,3,4,0,0,52
10473,Finance,region_2,Bachelors,m,sourcing,1,25,5,2,0,0,57
42833,Operations,region_31,Bachelors,m,other,1,29,3,2,0,0,57
39224,Technology,region_27,Bachelors,m,other,1,28,5,2,0,1,95
34148,Procurement,region_13,"Masters & above",m,other,1,33,4,3,1,0,70
65558,HR,region_15,Bachelors,m,sourcing,1,32,3,6,0,0,52
63986,Operations,region_20,"Masters & above",f,other,1,32,3,5,0,0,57
31641,Analytics,region_2,Bachelors,m,other,1,37,3,4,1,0,81
45087,"Sales & Marketing",region_31,Bachelors,m,other,1,35,5,8,0,0,50
63354,Technology,region_2,,f,other,1,56,3,12,0,0,79
41610,Procurement,region_1,Bachelors,m,other,3,28,3,2,0,0,70
10376,Analytics,region_31,Bachelors,m,other,1,39,3,10,0,0,86
11414,Operations,region_27,"Masters & above",m,other,1,40,4,11,0,0,59
32884,"Sales & Marketing",region_2,"Masters & above",m,other,2,36,4,9,1,0,47
71007,Technology,region_26,Bachelors,m,other,1,36,3,11,0,0,82
43891,Analytics,region_26,Bachelors,m,other,1,30,2,5,0,0,88
26769,Legal,region_13,Bachelors,m,sourcing,1,43,3,9,0,0,59
23022,Operations,region_4,Bachelors,f,sourcing,1,39,2,11,0,0,70
56684,Operations,region_7,"Masters & above",f,other,3,32,4,6,0,0,62
24951,Operations,region_15,Bachelors,m,other,1,43,4,11,1,0,58
8810,Operations,region_2,Bachelors,f,sourcing,1,34,4,6,1,0,60
77266,Analytics,region_15,Bachelors,m,sourcing,1,29,,1,1,0,89
33334,"Sales & Marketing",region_22,Bachelors,m,other,1,47,4,9,0,0,52
29911,Analytics,region_4,"Masters & above",m,other,1,38,1,9,1,1,85
42142,Operations,region_30,Bachelors,f,sourcing,1,30,3,6,0,0,58
29467,"Sales & Marketing",region_27,Bachelors,f,other,1,29,3,3,0,0,47
11784,Procurement,region_16,Bachelors,m,other,1,36,3,9,0,0,66
29776,Operations,region_22,"Masters & above",m,other,1,40,5,7,0,0,56
10563,Legal,region_11,Bachelors,m,sourcing,1,33,4,3,0,0,60
6736,Operations,region_22,Bachelors,f,sourcing,1,35,2,5,0,0,54
441,"Sales & Marketing",region_2,Bachelors,m,sourcing,1,23,5,2,1,0,54
14980,Finance,region_22,Bachelors,m,other,3,26,5,2,1,0,60
13549,"Sales & Marketing",region_24,Bachelors,m,sourcing,1,38,3,8,0,0,48
1348,Analytics,region_22,"Masters & above",m,sourcing,1,38,3,10,0,0,90
14948,Technology,region_15,Bachelors,m,sourcing,1,29,1,6,0,0,82
12723,"Sales & Marketing",region_27,,m,sourcing,1,23,,1,0,0,50
22827,"Sales & Marketing",region_7,Bachelors,f,sourcing,1,41,3,4,0,0,51
30527,Procurement,region_24,Bachelors,m,other,1,29,1,1,0,0,72
38928,"Sales & Marketing",region_5,Bachelors,m,sourcing,2,29,1,2,0,0,50
17420,"Sales & Marketing",region_9,"Masters & above",m,other,1,31,3,9,0,0,51
72878,Procurement,region_17,"Masters & above",f,other,1,56,3,4,0,0,70
43657,"Sales & Marketing",region_26,,m,other,1,24,4,3,0,0,50
38588,Procurement,region_22,"Masters & above",m,other,1,50,3,15,0,0,67
55236,Legal,region_2,"Masters & above",m,sourcing,1,36,5,4,1,0,57
339,"Sales & Marketing",region_13,Bachelors,m,other,1,36,5,10,1,0,46
30270,Operations,region_2,Bachelors,f,sourcing,1,42,5,14,1,0,64
52076,"Sales & Marketing",region_15,,m,sourcing,1,45,1,14,0,0,55
36458,"Sales & Marketing",region_4,Bachelors,m,other,1,30,3,2,1,0,46
27999,Analytics,region_6,Bachelors,m,sourcing,1,28,5,2,1,0,86
57114,Operations,region_22,"Masters & above",f,sourcing,1,46,3,16,0,0,62
25603,Technology,region_16,"Masters & above",f,other,1,55,4,14,0,0,75
71930,HR,region_28,"Masters & above",m,sourcing,1,35,5,10,1,0,50
23945,"Sales & Marketing",region_2,Bachelors,f,other,1,58,3,2,1,1,48
22469,Analytics,region_28,"Masters & above",m,sourcing,1,35,5,7,0,0,85
34891,Operations,region_29,Bachelors,m,other,1,30,1,7,0,0,58
17506,Technology,region_7,Bachelors,m,sourcing,2,27,5,4,1,0,82
32124,Analytics,region_32,Bachelors,f,sourcing,1,29,1,4,0,0,87
48160,Analytics,region_31,Bachelors,m,other,1,34,1,3,0,0,87
30792,"Sales & Marketing",region_4,"Masters & above",m,other,1,40,3,2,1,0,49
76840,"Sales & Marketing",region_26,"Masters & above",m,sourcing,1,33,5,4,1,0,47
27844,Finance,region_2,"Masters & above",f,other,3,40,3,4,0,0,56
32595,"Sales & Marketing",region_15,Bachelors,m,other,1,34,1,6,0,0,49
68808,"Sales & Marketing",region_2,Bachelors,f,sourcing,1,25,,1,0,0,47
66391,"Sales & Marketing",region_7,Bachelors,m,sourcing,1,28,4,6,1,0,47
18212,"Sales & Marketing",region_33,Bachelors,m,sourcing,4,29,3,8,0,1,51
51051,"Sales & Marketing",region_14,Bachelors,m,sourcing,1,41,4,4,0,0,60
60375,Finance,region_2,"Masters & above",m,sourcing,1,43,5,15,0,0,74
8495,"Sales & Marketing",region_13,"Masters & above",m,other,1,36,1,5,0,0,54
61193,Legal,region_22,"Below Secondary",m,other,1,26,,1,1,0,63
18612,"Sales & Marketing",region_22,,m,other,1,26,,1,0,0,48
50665,Procurement,region_16,Bachelors,f,sourcing,1,38,4,6,0,0,72
50512,Technology,region_7,"Masters & above",f,other,1,37,4,8,0,0,82
6621,Operations,region_33,Bachelors,m,sourcing,1,35,4,8,0,0,59
10992,HR,region_22,Bachelors,f,referred,1,29,5,6,1,0,45
10742,"Sales & Marketing",region_19,Bachelors,m,sourcing,1,42,3,3,0,0,57
33326,Technology,region_31,"Masters & above",m,other,1,35,2,10,0,0,81
28711,Finance,region_15,Bachelors,m,other,1,30,5,7,1,0,54
16466,Operations,region_15,Bachelors,m,sourcing,1,33,5,6,0,0,63
71692,"Sales & Marketing",region_14,Bachelors,m,sourcing,1,29,4,3,0,0,43
60158,Operations,region_16,"Below Secondary",f,other,1,22,,1,1,0,62
5296,"Sales & Marketing",region_28,Bachelors,m,sourcing,1,27,1,3,0,0,47
1415,Technology,region_2,Bachelors,m,other,1,24,,1,0,0,76
376,R&D,region_16,Bachelors,m,other,1,36,3,7,1,1,86
11139,Procurement,region_2,Bachelors,f,other,1,34,5,8,1,0,68
21667,Technology,region_33,"Masters & above",m,sourcing,1,40,1,4,0,0,80
52771,"Sales & Marketing",region_25,Bachelors,f,other,1,27,4,3,0,0,46
30283,Analytics,region_5,Bachelors,m,other,1,31,5,4,0,0,88
33431,"Sales & Marketing",region_25,"Masters & above",m,sourcing,1,34,3,3,0,0,49
10860,R&D,region_7,Bachelors,m,other,1,32,3,2,1,0,85
76614,Technology,region_30,Bachelors,f,sourcing,1,29,,1,0,0,83
52246,"Sales & Marketing",region_2,Bachelors,f,other,1,28,2,5,1,1,45
16337,Procurement,region_10,"Masters & above",f,other,1,44,3,16,0,0,68
21160,Technology,region_26,Bachelors,m,sourcing,1,26,5,4,1,0,94
30888,Operations,region_2,Bachelors,f,other,1,27,1,2,0,0,64
41543,Operations,region_31,Bachelors,f,other,1,38,3,3,0,0,60
68619,Technology,region_20,Bachelors,m,sourcing,1,30,4,4,0,0,80
46124,"Sales & Marketing",region_3,Bachelors,m,sourcing,1,29,,1,1,0,54
9454,Procurement,region_5,Bachelors,m,sourcing,2,40,3,2,1,0,67
48316,"Sales & Marketing",region_2,"Masters & above",m,other,1,35,5,11,1,0,51
61103,Technology,region_2,"Masters & above",f,other,1,42,4,17,0,0,78
46772,R&D,region_22,"Masters & above",m,other,1,39,4,9,0,0,84
62688,"Sales & Marketing",region_32,Bachelors,f,other,1,31,4,4,0,0,45
53821,Technology,region_2,Bachelors,f,sourcing,3,29,,1,1,0,80
67083,"Sales & Marketing",region_11,Bachelors,m,sourcing,1,31,4,4,0,0,52
10508,Operations,region_4,Bachelors,m,sourcing,2,31,5,3,1,0,64
42182,Analytics,region_29,Bachelors,f,other,1,31,4,3,1,0,81
51295,Operations,region_22,"Masters & above",f,other,2,41,5,8,0,0,71
26017,Procurement,region_7,"Masters & above",f,other,1,35,2,3,0,0,70
38656,Operations,region_15,Bachelors,m,sourcing,1,33,1,2,0,0,62
1210,"Sales & Marketing",region_16,"Masters & above",f,other,2,35,3,5,0,0,46
52205,Technology,region_33,"Masters & above",m,other,1,41,2,9,0,0,77
18776,Operations,region_16,"Masters & above",m,sourcing,1,38,5,9,1,0,58
39588,Operations,region_32,Bachelors,m,other,1,31,4,5,0,0,55
2066,Technology,region_2,Bachelors,m,sourcing,1,29,3,6,0,0,81
7952,HR,region_2,"Masters & above",m,other,1,45,4,7,0,0,52
28286,Operations,region_11,Bachelors,m,sourcing,1,36,1,9,0,0,54
15837,"Sales & Marketing",region_22,Bachelors,m,other,2,29,5,2,0,0,45
41908,"Sales & Marketing",region_21,"Masters & above",m,sourcing,1,44,4,4,1,0,50
28766,"Sales & Marketing",region_30,Bachelors,m,sourcing,1,32,1,3,0,0,46
35922,Operations,region_2,Bachelors,f,other,1,41,3,5,0,0,60
44582,Operations,region_7,Bachelors,f,other,2,29,,1,0,0,61
42485,Technology,region_13,Bachelors,f,other,1,30,5,4,1,0,81
71289,Analytics,region_15,Bachelors,m,other,1,29,,1,0,0,83
47556,"Sales & Marketing",region_12,Bachelors,m,other,1,27,5,3,1,0,52
27264,Procurement,region_2,Bachelors,m,other,1,24,,1,1,0,66
50266,Analytics,region_30,Bachelors,m,sourcing,1,30,5,5,1,0,86
77122,Operations,region_28,"Masters & above",m,other,1,34,5,5,0,0,63
45635,"Sales & Marketing",region_7,Bachelors,f,other,2,32,3,2,0,0,44
57502,Procurement,region_11,Bachelors,f,other,1,31,4,3,0,0,74
26262,"Sales & Marketing",region_14,Bachelors,m,other,1,35,3,7,0,0,56
74374,Operations,region_17,Bachelors,m,sourcing,1,31,3,10,0,0,59
34661,Analytics,region_22,Bachelors,m,other,1,30,2,5,1,0,84
38450,Procurement,region_2,"Masters & above",f,sourcing,1,54,5,11,1,0,71
31134,"Sales & Marketing",region_13,Bachelors,m,other,1,33,4,8,1,0,54
27968,Operations,region_2,"Masters & above",m,sourcing,2,36,4,2,0,0,57
36271,Technology,region_6,Bachelors,f,other,1,34,2,6,0,0,76
3316,Legal,region_2,Bachelors,m,sourcing,1,60,3,12,0,0,58
35219,"Sales & Marketing",region_26,Bachelors,m,other,1,37,3,5,0,0,51
52701,Operations,region_10,"Masters & above",f,sourcing,2,34,3,7,0,0,60
8654,Operations,region_29,Bachelors,m,sourcing,1,28,4,2,0,0,60
7551,Technology,region_13,Bachelors,m,other,2,37,2,4,0,0,83
18778,Operations,region_2,Bachelors,f,sourcing,1,52,5,11,0,0,63
74667,"Sales & Marketing",region_2,,f,sourcing,1,36,3,7,0,0,49
57527,Analytics,region_34,Bachelors,m,sourcing,2,27,4,2,0,0,86
1726,"Sales & Marketing",region_20,Bachelors,m,sourcing,1,33,3,2,0,0,48
60191,Operations,region_22,"Masters & above",m,other,1,46,5,15,0,0,60
30623,"Sales & Marketing",region_16,Bachelors,m,other,1,32,2,4,1,0,53
67366,Procurement,region_2,"Masters & above",f,sourcing,3,42,3,4,1,0,68
38917,"Sales & Marketing",region_1,,m,other,1,28,4,5,0,0,49
15689,R&D,region_22,"Masters & above",m,sourcing,1,31,5,5,1,0,86
18286,Procurement,region_2,Bachelors,m,sourcing,1,43,3,5,1,0,66
63660,Procurement,region_31,Bachelors,f,sourcing,1,35,3,8,1,0,70
32232,"Sales & Marketing",region_2,Bachelors,f,other,1,54,4,12,0,0,49
56976,"Sales & Marketing",region_15,Bachelors,m,sourcing,1,40,3,5,0,0,47
64644,Operations,region_1,"Masters & above",f,other,1,32,5,7,1,0,61
39204,Analytics,region_24,Bachelors,m,other,1,32,4,8,1,0,83
47141,"Sales & Marketing",region_13,Bachelors,m,sourcing,1,41,5,12,0,0,52
26883,Analytics,region_27,Bachelors,m,sourcing,3,29,5,5,0,0,87
9890,Finance,region_2,Bachelors,m,other,3,25,,1,0,0,60
50095,"Sales & Marketing",region_31,Bachelors,m,other,1,28,3,5,0,0,49
16145,"Sales & Marketing",region_7,Bachelors,m,other,1,36,3,10,0,0,51
24190,Technology,region_2,Bachelors,m,other,1,55,3,15,0,0,78
17777,"Sales & Marketing",region_4,"Masters & above",m,other,1,39,3,6,0,0,53
3339,Technology,region_2,Bachelors,m,sourcing,1,59,3,18,0,0,78
11436,Analytics,region_21,Bachelors,m,sourcing,1,27,3,2,0,0,82
40457,"Sales & Marketing",region_2,Bachelors,m,sourcing,1,34,4,8,1,0,55
4730,Technology,region_26,Bachelors,f,other,1,29,4,2,1,0,85
10380,Legal,region_22,Bachelors,m,other,1,32,1,4,0,0,57
6891,Analytics,region_22,"Masters & above",m,other,1,31,4,4,0,0,82
40575,Procurement,region_5,Bachelors,f,sourcing,1,32,3,9,0,0,70
60937,Technology,region_2,"Masters & above",m,sourcing,1,40,3,11,0,0,82
50037,Analytics,region_2,,m,other,1,28,1,3,0,0,82
3066,"Sales & Marketing",region_5,"Masters & above",m,sourcing,1,37,4,8,0,0,49
18712,Operations,region_31,Bachelors,f,sourcing,1,27,1,2,0,0,56
68494,Operations,region_4,Bachelors,m,other,1,29,3,3,0,0,57
74119,"Sales & Marketing",region_25,Bachelors,m,other,1,32,5,9,1,0,48
76254,Procurement,region_22,"Masters & above",m,sourcing,4,39,3,16,0,0,73
49402,"Sales & Marketing",region_15,Bachelors,m,other,1,35,4,7,0,0,50
8141,Technology,region_2,Bachelors,m,other,1,34,2,6,0,0,77
3076,Operations,region_26,Bachelors,f,other,1,34,4,7,1,0,58
14390,Technology,region_23,"Masters & above",f,sourcing,1,35,3,8,0,0,78
66964,Procurement,region_5,Bachelors,f,sourcing,2,32,3,2,0,0,72
67091,Technology,region_26,Bachelors,f,sourcing,1,37,1,7,0,0,84
13164,Technology,region_5,"Masters & above",m,sourcing,1,34,3,7,1,0,82
21190,"Sales & Marketing",region_31,Bachelors,m,other,3,30,1,3,0,0,51
21432,Operations,region_19,Bachelors,f,other,2,40,5,10,0,0,62
2096,"Sales & Marketing",region_22,Bachelors,f,sourcing,3,29,4,5,0,0,52
53808,"Sales & Marketing",region_13,"Masters & above",m,sourcing,1,56,5,22,0,0,46
9751,"Sales & Marketing",region_21,Bachelors,m,other,2,26,,1,1,0,50
59105,Operations,region_31,Bachelors,m,sourcing,1,33,5,8,1,0,57
76796,Procurement,region_2,Bachelors,f,sourcing,1,30,5,3,1,0,70
49192,Technology,region_22,Bachelors,f,referred,1,27,3,2,0,0,77
45888,Operations,region_22,Bachelors,m,other,1,33,3,7,0,0,56
12492,Operations,region_32,Bachelors,m,other,1,28,,1,0,0,60
72963,Operations,region_22,Bachelors,f,other,2,30,3,6,0,0,57
53303,Operations,region_2,,f,sourcing,1,58,4,5,1,0,64
53081,HR,region_2,Bachelors,f,other,1,36,3,3,0,0,46
23930,"Sales & Marketing",region_28,Bachelors,m,sourcing,1,37,1,9,0,0,51
51938,Operations,region_31,Bachelors,m,other,1,27,1,4,0,0,61
29280,"Sales & Marketing",region_13,Bachelors,m,sourcing,1,49,1,19,0,0,52
7689,"Sales & Marketing",region_22,Bachelors,m,sourcing,1,30,5,4,0,0,48
16924,Operations,region_13,"Masters & above",f,other,2,34,5,5,0,1,75
40162,Analytics,region_15,Bachelors,m,sourcing,1,23,,1,0,0,85
8648,"Sales & Marketing",region_20,"Masters & above",m,other,1,42,5,5,0,0,47
57036,"Sales & Marketing",region_22,Bachelors,m,other,1,26,2,3,1,0,44
69859,"Sales & Marketing",region_2,Bachelors,f,other,1,37,1,3,1,0,46
31492,Analytics,region_25,Bachelors,m,sourcing,1,27,3,2,1,0,85
3964,"Sales & Marketing",region_16,Bachelors,m,other,1,36,2,7,1,0,49
20962,Analytics,region_10,"Masters & above",m,other,2,35,3,2,1,0,85
16434,Operations,region_22,Bachelors,f,sourcing,1,34,5,7,0,0,61
28860,Technology,region_2,"Masters & above",m,sourcing,1,34,3,8,0,0,81
28665,"Sales & Marketing",region_13,"Masters & above",m,sourcing,1,51,1,22,0,0,54
1561,HR,region_16,Bachelors,m,sourcing,1,31,4,6,0,0,54
72856,Operations,region_8,Bachelors,f,other,1,44,3,3,0,0,58
28596,"Sales & Marketing",region_22,Bachelors,m,sourcing,2,26,2,4,0,0,52
52840,Operations,region_34,Bachelors,m,sourcing,1,28,3,2,0,0,59
73807,Procurement,region_2,"Masters & above",f,other,1,59,4,11,0,0,70
1089,HR,region_26,"Below Secondary",m,other,1,23,5,2,0,0,50
20345,Analytics,region_21,Bachelors,m,other,2,27,5,5,1,0,83
59325,"Sales & Marketing",region_7,Bachelors,m,sourcing,1,35,5,8,0,0,49
45294,Technology,region_2,"Masters & above",m,other,1,58,4,18,1,0,76
61412,"Sales & Marketing",region_4,Bachelors,m,other,1,35,2,4,0,0,53
29033,Analytics,region_31,Bachelors,m,sourcing,1,30,4,4,1,0,91
41735,"Sales & Marketing",region_1,"Masters & above",f,sourcing,2,32,3,4,0,0,45
64996,Analytics,region_22,,m,sourcing,1,27,3,3,1,0,84
10388,"Sales & Marketing",region_10,Bachelors,m,other,1,26,,1,0,0,50
20001,Operations,region_2,"Masters & above",f,referred,1,54,3,6,1,0,61
47942,"Sales & Marketing",region_15,Bachelors,m,sourcing,1,40,1,8,0,0,50
5232,HR,region_22,Bachelors,f,other,1,29,1,2,1,0,52
7097,HR,region_22,Bachelors,m,referred,1,29,3,2,0,0,50
61335,"Sales & Marketing",region_28,"Masters & above",f,other,2,36,5,4,0,0,46
61360,R&D,region_22,Bachelors,f,other,1,31,4,3,0,0,87
429,Procurement,region_10,Bachelors,f,other,1,28,,1,1,0,65
54187,"Sales & Marketing",region_14,Bachelors,m,other,1,34,3,8,0,0,53
18493,Analytics,region_7,Bachelors,m,other,1,33,5,5,0,0,82
23130,"Sales & Marketing",region_1,Bachelors,m,sourcing,1,26,4,2,0,0,46
16180,"Sales & Marketing",region_8,Bachelors,m,sourcing,1,33,1,6,0,0,46
5133,R&D,region_22,Bachelors,m,referred,2,27,5,3,1,0,77
54456,Finance,region_22,Bachelors,m,other,1,26,3,3,1,0,59
62197,"Sales & Marketing",region_23,Bachelors,m,sourcing,1,28,5,3,0,0,51
50861,Operations,region_22,"Masters & above",m,referred,1,34,4,10,0,0,63
40356,Operations,region_31,Bachelors,m,other,1,42,4,11,1,0,58
68967,Analytics,region_4,"Masters & above",m,other,1,49,5,13,1,0,85
49181,Finance,region_27,Bachelors,m,other,1,37,4,9,0,0,59
19572,Operations,region_22,"Masters & above",m,sourcing,1,42,5,10,1,0,62
58731,Procurement,region_30,"Masters & above",f,other,1,38,2,7,0,0,68
32167,Procurement,region_17,Bachelors,f,other,1,28,3,3,0,0,71
3435,"Sales & Marketing",region_2,"Masters & above",m,sourcing,1,33,5,6,0,0,49
7389,Finance,region_2,"Masters & above",m,other,3,42,3,12,0,0,58
44860,Operations,region_7,"Masters & above",m,sourcing,1,34,4,3,1,0,57
72065,Operations,region_14,"Below Secondary",m,other,1,22,3,2,0,0,57
49353,Legal,region_32,Bachelors,m,sourcing,1,29,1,4,1,0,60
42688,R&D,region_7,"Masters & above",m,other,1,38,3,3,1,0,83
4019,Procurement,region_15,"Masters & above",m,sourcing,1,40,5,11,0,0,74
64023,Finance,region_2,"Masters & above",m,sourcing,1,38,5,8,0,0,58
30034,"Sales & Marketing",region_5,Bachelors,f,other,1,34,1,9,0,0,46
6907,Analytics,region_28,"Masters & above",m,other,2,32,5,5,0,0,90
14810,Technology,region_19,Bachelors,m,other,1,33,3,4,0,0,75
17629,"Sales & Marketing",region_15,Bachelors,m,other,2,39,3,12,0,0,46
7003,"Sales & Marketing",region_7,Bachelors,m,sourcing,1,41,5,11,0,0,54
59100,Operations,region_19,Bachelors,m,other,1,34,4,7,0,0,55
73651,Operations,region_13,"Masters & above",f,other,1,43,4,14,0,0,60
65300,"Sales & Marketing",region_29,Bachelors,m,other,1,43,3,6,0,0,46
38796,Operations,region_22,Bachelors,m,sourcing,1,56,3,15,0,0,63
17133,"Sales & Marketing",region_17,Bachelors,f,other,1,28,5,4,1,0,46
10552,Operations,region_2,Bachelors,f,other,1,33,3,2,1,0,62
58271,"Sales & Marketing",region_8,Bachelors,m,sourcing,1,35,5,8,1,0,49
42387,"Sales & Marketing",region_11,Bachelors,m,sourcing,1,35,1,9,0,0,52
19737,Technology,region_22,"Masters & above",m,sourcing,1,36,3,3,0,0,78
35156,"Sales & Marketing",region_7,Bachelors,m,other,1,27,,1,0,0,45
68576,Operations,region_13,Bachelors,m,sourcing,1,32,5,6,1,0,57
62951,Procurement,region_26,Bachelors,m,other,5,32,3,8,0,0,67
76794,Operations,region_11,Bachelors,m,other,2,30,5,2,0,0,57
39736,Technology,region_15,Bachelors,m,sourcing,1,49,3,7,1,0,75
73402,Operations,region_15,Bachelors,f,sourcing,1,50,4,8,1,0,74
30749,Procurement,region_12,Bachelors,f,other,2,25,3,2,1,0,67
49089,Operations,region_4,"Masters & above",m,other,1,42,2,7,1,0,62
57203,"Sales & Marketing",region_26,Bachelors,f,sourcing,1,29,1,4,0,0,53
37385,HR,region_2,"Below Secondary",m,other,2,25,,1,0,0,54
14101,Procurement,region_22,Bachelors,m,sourcing,3,29,3,6,1,0,67
31036,"Sales & Marketing",region_7,Bachelors,f,sourcing,1,33,5,7,1,0,54
66566,"Sales & Marketing",region_2,Bachelors,f,other,1,49,1,16,0,0,47
2283,Operations,region_22,"Masters & above",m,sourcing,1,34,5,10,1,0,60
35086,"Sales & Marketing",region_31,Bachelors,m,sourcing,1,38,3,8,1,0,49
66082,Legal,region_2,Bachelors,m,sourcing,1,60,1,3,0,0,60
34105,Operations,region_31,Bachelors,m,other,1,38,2,4,0,0,56
14599,HR,region_22,Bachelors,m,sourcing,1,30,3,2,0,0,49
21293,HR,region_22,Bachelors,m,other,1,31,4,9,0,0,48
44127,Technology,region_5,Bachelors,f,other,1,37,5,3,1,0,82
17522,"Sales & Marketing",region_25,Bachelors,m,sourcing,3,27,,1,0,0,50
23708,"Sales & Marketing",region_26,,m,sourcing,3,32,2,8,0,0,49
64845,Operations,region_10,Bachelors,m,sourcing,1,31,4,5,0,0,59
38638,"Sales & Marketing",region_7,Bachelors,m,other,1,33,1,7,0,0,45
62916,"Sales & Marketing",region_7,Bachelors,m,other,1,42,5,7,1,1,91
18984,Procurement,region_22,Bachelors,m,other,1,33,3,5,1,0,73
35872,"Sales & Marketing",region_4,"Masters & above",f,other,1,34,1,7,0,0,50
8019,Technology,region_16,Bachelors,m,sourcing,1,54,3,8,0,0,80
6358,Operations,region_29,Bachelors,m,other,1,33,4,5,0,0,62
53023,"Sales & Marketing",region_7,Bachelors,m,sourcing,2,38,5,10,0,0,63
32026,Operations,region_30,Bachelors,f,other,1,33,3,10,0,0,64
32170,HR,region_2,Bachelors,m,other,1,23,,1,0,0,48
46737,"Sales & Marketing",region_20,"Masters & above",m,sourcing,1,41,3,3,0,0,53
21112,Technology,region_2,Bachelors,m,sourcing,1,37,2,3,0,0,80
12594,Procurement,region_4,"Masters & above",m,other,2,46,5,18,1,0,66
9049,Procurement,region_5,Bachelors,m,other,2,29,,1,0,0,72
48577,Procurement,region_2,Bachelors,m,sourcing,1,30,2,5,0,0,66
9087,HR,region_2,"Masters & above",m,other,1,54,1,3,0,0,49
74296,HR,region_28,"Masters & above",f,sourcing,1,37,5,11,0,0,50
13640,Operations,region_15,"Masters & above",m,sourcing,1,47,3,17,1,0,62
65412,Operations,region_26,"Masters & above",f,sourcing,2,33,3,2,0,0,59
17816,Analytics,region_15,Bachelors,m,sourcing,1,30,4,5,0,0,80
50036,Technology,region_22,Bachelors,m,other,2,28,3,2,0,0,81
34158,"Sales & Marketing",region_26,Bachelors,m,other,1,36,3,4,0,0,54
30033,Technology,region_27,Bachelors,m,sourcing,1,28,,1,0,0,83
74401,Procurement,region_5,Bachelors,m,other,1,41,5,5,1,0,67
73296,"Sales & Marketing",region_19,Bachelors,m,sourcing,1,29,2,5,0,0,49
41847,Technology,region_2,Bachelors,f,sourcing,1,28,3,1,0,0,80
28456,Operations,region_20,Bachelors,m,sourcing,1,25,,1,1,0,56
55643,HR,region_7,Bachelors,m,sourcing,1,48,3,5,0,0,49
40689,Operations,region_6,Bachelors,f,other,1,29,5,7,1,0,59
41087,Procurement,region_17,Bachelors,f,other,1,52,3,5,0,0,71
56409,Technology,region_13,"Masters & above",m,sourcing,1,39,3,14,0,0,77
28892,Operations,region_13,Bachelors,f,other,1,30,5,6,1,0,59
22658,Operations,region_13,Bachelors,f,sourcing,1,30,3,6,1,0,61
34021,HR,region_2,Bachelors,f,sourcing,1,25,,1,1,0,48
29419,Technology,region_26,"Masters & above",m,sourcing,1,43,3,4,0,0,84
65630,HR,region_27,Bachelors,m,other,1,25,,1,0,0,48
18809,"Sales & Marketing",region_2,Bachelors,m,other,1,26,4,3,1,0,50
59695,Operations,region_15,Bachelors,m,other,1,33,4,7,1,0,57
39585,Operations,region_4,Bachelors,f,other,1,38,4,4,1,0,60
30356,Finance,region_2,Bachelors,f,other,1,27,3,2,0,0,59
78175,"Sales & Marketing",region_22,Bachelors,m,sourcing,1,29,4,5,1,0,50
23668,"Sales & Marketing",region_26,"Masters & above",m,sourcing,1,40,5,4,0,0,48
50441,Technology,region_10,"Masters & above",m,other,1,44,4,15,0,0,81
52311,"Sales & Marketing",region_27,"Masters & above",m,other,1,33,3,4,0,0,52
19576,"Sales & Marketing",region_15,Bachelors,m,sourcing,2,33,1,5,0,0,49
39982,"Sales & Marketing",region_2,"Masters & above",f,other,1,49,5,5,1,0,50
23338,"Sales & Marketing",region_26,Bachelors,m,other,1,28,4,4,0,0,50
58769,"Sales & Marketing",region_1,,m,other,1,27,3,6,1,0,53
65210,R&D,region_7,Bachelors,m,sourcing,2,34,3,8,0,0,87
70168,"Sales & Marketing",region_2,Bachelors,m,other,1,42,3,14,1,0,53
44136,Technology,region_2,Bachelors,m,sourcing,2,56,3,23,0,0,84
19098,Analytics,region_15,Bachelors,m,other,1,31,4,4,0,1,85
19826,Procurement,region_19,Bachelors,m,sourcing,2,36,5,7,1,0,68
68896,Operations,region_2,Bachelors,m,other,2,39,5,8,0,0,58
22540,"Sales & Marketing",region_25,"Masters & above",f,sourcing,2,33,3,7,0,0,53
52630,Operations,region_2,"Masters & above",m,other,2,53,3,13,0,0,58
42249,"Sales & Marketing",region_27,Bachelors,m,sourcing,1,31,4,3,1,0,49
41645,"Sales & Marketing",region_2,"Masters & above",f,other,1,49,1,21,0,0,50
60352,Operations,region_19,Bachelors,m,sourcing,1,37,4,7,1,0,58
24168,Analytics,region_13,"Masters & above",m,other,1,30,3,5,0,0,83
77703,Analytics,region_22,Bachelors,m,sourcing,2,32,3,9,0,0,83
52005,Finance,region_2,Bachelors,m,other,2,39,5,5,1,0,64
22821,"Sales & Marketing",region_13,"Masters & above",m,other,1,37,1,5,0,0,47
33963,HR,region_22,Bachelors,m,other,1,47,2,16,0,0,47
55903,Operations,region_4,"Masters & above",m,other,1,38,3,5,0,0,58
70360,Procurement,region_20,Bachelors,f,other,1,31,5,2,1,1,71
21163,HR,region_2,Bachelors,m,other,1,31,3,6,1,0,49
52351,"Sales & Marketing",region_19,Bachelors,m,sourcing,2,38,1,5,0,0,48
57632,Operations,region_20,Bachelors,f,sourcing,1,31,5,10,1,0,57
67448,"Sales & Marketing",region_18,Bachelors,m,other,1,29,,1,0,0,46
21018,Operations,region_2,"Masters & above",m,other,1,34,3,8,1,0,62
30307,Analytics,region_2,Bachelors,m,other,3,38,3,10,1,0,86
51006,Operations,region_2,Bachelors,m,sourcing,1,60,5,23,1,0,60
59242,R&D,region_2,Bachelors,m,other,1,34,3,6,1,0,77
19353,Finance,region_2,Bachelors,m,other,1,44,2,9,0,0,64
25940,"Sales & Marketing",region_22,Bachelors,m,sourcing,3,27,,1,0,0,48
33400,"Sales & Marketing",region_12,Bachelors,m,other,1,25,4,2,0,0,51
46896,"Sales & Marketing",region_13,Bachelors,m,sourcing,1,38,5,10,1,0,46
65389,"Sales & Marketing",region_30,Bachelors,m,sourcing,1,37,4,9,0,0,47
31886,Procurement,region_23,Bachelors,m,other,2,36,3,9,0,0,66
62107,"Sales & Marketing",region_33,Bachelors,m,other,1,37,3,9,0,0,52
62662,"Sales & Marketing",region_11,Bachelors,m,sourcing,1,43,3,17,0,0,52
77743,Technology,region_7,Bachelors,m,other,2,27,,1,0,0,76
54888,"Sales & Marketing",region_13,Bachelors,m,other,1,38,4,10,0,0,48
6878,Procurement,region_2,"Masters & above",f,other,2,57,3,16,0,0,69
71343,Procurement,region_27,"Masters & above",m,other,2,40,4,10,1,1,67
64742,"Sales & Marketing",region_2,"Masters & above",m,other,2,60,3,8,1,0,44
31110,"Sales & Marketing",region_19,Bachelors,f,sourcing,1,30,3,5,0,0,50
22290,HR,region_7,"Masters & above",f,other,1,42,5,7,1,0,45
5238,Technology,region_23,"Masters & above",m,other,1,39,4,4,1,0,82
17481,Operations,region_2,"Masters & above",f,sourcing,3,50,5,7,1,0,59
16426,Analytics,region_31,Bachelors,m,sourcing,1,27,1,4,0,0,83
45701,Operations,region_31,"Masters & above",m,other,1,55,3,17,0,0,67
65943,"Sales & Marketing",region_25,,m,other,1,26,,1,1,0,55
23605,Technology,region_26,"Masters & above",f,other,1,33,4,5,1,0,77
65623,Procurement,region_2,"Below Secondary",f,sourcing,1,24,,1,0,0,66
8693,"Sales & Marketing",region_31,Bachelors,f,sourcing,1,30,3,3,0,0,50
77061,Procurement,region_2,"Below Secondary",m,sourcing,4,23,2,2,1,0,72
50458,"Sales & Marketing",region_2,Bachelors,m,other,2,34,1,7,0,0,46
50405,"Sales & Marketing",region_7,"Masters & above",m,other,1,52,3,16,0,0,50
29954,Analytics,region_31,Bachelors,m,sourcing,2,28,4,2,0,0,85
27369,Analytics,region_4,"Masters & above",m,other,2,39,1,6,0,0,89
34266,R&D,region_25,"Masters & above",m,other,2,37,5,8,0,0,85
69082,Operations,region_22,"Masters & above",f,sourcing,2,39,3,12,0,0,57
54481,Operations,region_23,Bachelors,f,other,1,33,3,5,0,0,63
16986,Finance,region_2,,m,other,1,34,3,6,0,0,62
21502,Operations,region_19,Bachelors,m,other,1,36,4,12,1,0,58
26676,"Sales & Marketing",region_17,Bachelors,m,sourcing,1,32,5,6,1,1,46
54360,Operations,region_22,Bachelors,f,other,2,28,5,6,1,0,56
14467,"Sales & Marketing",region_28,"Masters & above",f,sourcing,1,33,4,7,0,0,50
58255,"Sales & Marketing",region_13,Bachelors,m,other,2,26,1,2,0,0,45
46322,"Sales & Marketing",region_7,Bachelors,m,other,1,34,4,3,1,0,49
49734,Technology,region_17,"Masters & above",f,other,3,35,3,7,0,0,81
18985,Procurement,region_22,Bachelors,m,sourcing,4,27,3,3,0,0,71
51064,Operations,region_20,Bachelors,m,other,1,30,3,4,0,0,62
24677,"Sales & Marketing",region_31,,m,other,1,27,5,2,1,0,47
52765,Operations,region_7,Bachelors,m,sourcing,1,33,4,8,0,0,59
46466,HR,region_7,Bachelors,f,other,1,30,3,4,0,0,50
9307,Operations,region_2,Bachelors,m,other,1,48,4,9,1,0,58
45619,"Sales & Marketing",region_31,"Masters & above",m,other,1,46,3,7,1,0,49
1110,"Sales & Marketing",region_22,Bachelors,m,other,3,25,1,3,0,0,51
928,"Sales & Marketing",region_2,Bachelors,m,other,1,30,3,3,0,0,48
24625,"Sales & Marketing",region_22,"Masters & above",m,sourcing,1,45,1,17,0,0,47
16069,Technology,region_4,"Masters & above",m,sourcing,1,52,4,6,1,0,83
59733,Operations,region_8,"Masters & above",f,sourcing,1,40,5,3,1,0,56
8710,Technology,region_4,Bachelors,f,other,1,30,2,2,0,0,77
28479,Finance,region_22,Bachelors,m,other,2,30,4,6,0,0,63
73983,Finance,region_2,"Masters & above",m,other,2,54,5,6,0,0,70
57108,Analytics,region_25,"Masters & above",m,sourcing,1,37,5,4,1,0,84
7195,"Sales & Marketing",region_26,Bachelors,m,other,2,35,1,6,0,0,51
52665,Procurement,region_11,"Masters & above",m,other,2,41,3,7,0,0,69
37573,Finance,region_32,Bachelors,m,other,1,27,3,4,1,0,58
68267,Technology,region_13,Bachelors,m,other,1,40,2,3,1,0,78
40855,"Sales & Marketing",region_2,"Masters & above",m,other,1,52,1,7,0,0,49
61710,"Sales & Marketing",region_21,Bachelors,m,sourcing,1,36,1,7,0,0,54
14955,"Sales & Marketing",region_19,"Masters & above",m,sourcing,1,40,4,9,0,0,46
77531,"Sales & Marketing",region_11,Bachelors,m,other,1,40,3,5,0,0,51
5885,"Sales & Marketing",region_25,Bachelors,m,other,1,42,3,15,0,0,45
31444,Procurement,region_22,"Masters & above",m,other,1,31,5,4,0,0,73
12927,"Sales & Marketing",region_32,Bachelors,f,sourcing,1,29,,1,0,0,48
3718,Procurement,region_2,"Masters & above",m,other,1,60,4,9,1,0,68
718,"Sales & Marketing",region_22,Bachelors,m,other,3,27,2,2,0,0,44
813,Operations,region_22,Bachelors,m,other,2,38,4,6,0,0,71
2005,Operations,region_26,Bachelors,m,other,1,30,3,3,1,0,60
38391,"Sales & Marketing",region_4,"Masters & above",m,sourcing,1,33,3,6,1,0,45
62502,Finance,region_15,Bachelors,m,other,1,28,,1,0,0,57
30320,HR,region_17,Bachelors,m,sourcing,1,28,,1,0,0,56
71236,Finance,region_28,"Masters & above",f,sourcing,1,33,5,6,0,0,61
7361,Operations,region_23,Bachelors,m,other,1,32,5,2,1,0,60
24579,"Sales & Marketing",region_13,Bachelors,m,other,1,49,3,6,1,0,53
75383,"Sales & Marketing",region_8,"Masters & above",m,sourcing,1,35,2,8,0,0,51
3994,"Sales & Marketing",region_16,,m,other,1,23,,1,0,0,50
56762,Operations,region_22,Bachelors,m,other,1,32,5,5,1,0,57
21572,"Sales & Marketing",region_2,,f,other,1,34,4,3,0,0,51
49902,Analytics,region_25,Bachelors,m,other,1,32,3,3,0,0,82
46473,Analytics,region_23,"Masters & above",m,sourcing,1,36,5,2,1,0,84
66123,Operations,region_2,Bachelors,m,sourcing,1,31,5,6,1,0,55
63361,Operations,region_16,Bachelors,m,sourcing,1,33,3,6,0,0,62
30949,Technology,region_1,Bachelors,m,other,1,31,2,4,0,0,75
65248,Analytics,region_29,Bachelors,m,sourcing,1,31,4,7,1,0,87
5320,"Sales & Marketing",region_16,Bachelors,m,other,1,29,1,3,0,0,46
6158,Operations,region_11,Bachelors,m,sourcing,1,30,3,7,0,0,58
3570,Operations,region_22,,m,other,1,26,4,4,0,0,63
12033,Operations,region_22,"Masters & above",m,other,1,29,5,5,1,0,62
61175,Technology,region_22,"Masters & above",m,sourcing,1,37,4,2,1,0,80
49816,Operations,region_2,Bachelors,m,sourcing,2,37,3,9,0,0,59
8824,Analytics,region_29,Bachelors,m,other,2,27,3,3,0,0,85
57352,Operations,region_22,"Masters & above",m,referred,3,37,4,10,0,1,71
50294,"Sales & Marketing",region_16,Bachelors,m,other,2,26,,1,0,0,44
76037,Technology,region_7,Bachelors,f,sourcing,1,32,3,3,1,0,82
19245,"Sales & Marketing",region_13,Bachelors,m,other,2,48,1,7,0,0,46
1610,Operations,region_12,Bachelors,m,other,2,31,,1,0,0,57
33835,"Sales & Marketing",region_2,,m,other,1,37,1,9,0,0,50
61018,HR,region_22,"Masters & above",f,other,1,30,3,3,0,0,50
16908,Legal,region_22,"Masters & above",m,other,1,34,4,4,0,0,62
20068,"Sales & Marketing",region_2,Bachelors,m,other,2,43,1,5,0,0,54
30534,Analytics,region_4,Bachelors,m,sourcing,1,29,4,3,0,0,89
29500,"Sales & Marketing",region_14,Bachelors,m,other,1,30,4,2,0,0,46
33834,Analytics,region_22,Bachelors,m,sourcing,2,30,3,5,0,0,83
54535,HR,region_2,Bachelors,m,referred,1,24,4,2,0,0,51
17853,Technology,region_15,Bachelors,m,other,1,39,5,9,1,0,79
30139,Technology,region_14,Bachelors,f,other,1,37,2,5,0,0,75
27401,Analytics,region_2,"Masters & above",m,sourcing,1,37,3,5,0,0,81
42042,Technology,region_22,,m,other,1,29,,1,0,0,75
24099,Analytics,region_30,Bachelors,m,sourcing,1,34,5,6,1,0,85
7180,Procurement,region_27,Bachelors,f,other,1,35,3,12,0,0,70
35814,"Sales & Marketing",region_2,"Masters & above",m,sourcing,1,37,5,11,1,0,49
44779,Operations,region_1,Bachelors,f,sourcing,1,27,3,3,0,0,63
29222,Procurement,region_7,Bachelors,m,sourcing,3,38,1,10,0,0,67
50994,Procurement,region_2,"Masters & above",m,sourcing,3,33,3,4,1,0,73
1276,"Sales & Marketing",region_7,Bachelors,m,sourcing,1,28,4,4,0,0,55
22054,"Sales & Marketing",region_9,"Masters & above",m,other,1,33,3,5,0,0,51
31041,"Sales & Marketing",region_22,"Masters & above",m,sourcing,2,32,5,9,1,0,52
64122,Procurement,region_16,Bachelors,f,sourcing,2,27,3,6,0,0,68
76830,Operations,region_13,"Masters & above",f,sourcing,1,39,1,5,1,0,59
24188,Technology,region_2,Bachelors,f,referred,1,39,3,10,0,0,80
1749,Technology,region_2,,m,other,2,34,3,6,1,0,85
74749,Operations,region_13,Bachelors,m,sourcing,2,36,4,2,0,0,58
24091,Analytics,region_16,Bachelors,m,other,1,34,5,7,1,0,86
69671,Procurement,region_15,"Masters & above",m,sourcing,1,36,3,4,0,0,70
31902,Technology,region_28,"Masters & above",f,other,2,32,3,2,0,0,80
48217,Technology,region_2,Bachelors,m,other,1,48,3,16,0,0,89
10292,"Sales & Marketing",region_23,Bachelors,m,sourcing,1,47,1,4,1,0,45
61474,HR,region_31,Bachelors,m,sourcing,1,31,2,3,1,0,49
54053,Finance,region_2,,f,sourcing,1,39,3,13,0,0,65
65465,Analytics,region_30,Bachelors,m,other,1,34,5,9,0,0,82
26232,Technology,region_13,"Masters & above",f,other,1,38,1,4,0,0,83
54413,"Sales & Marketing",region_4,Bachelors,m,other,1,44,5,14,0,0,51
59365,Analytics,region_7,"Masters & above",m,other,1,42,5,4,0,0,85
45470,"Sales & Marketing",region_7,"Masters & above",f,other,1,36,5,7,0,0,56
12571,Operations,region_16,"Masters & above",f,other,1,37,4,8,0,0,59
31518,Technology,region_14,"Masters & above",f,other,1,34,4,6,1,0,76
49208,Operations,region_7,Bachelors,f,sourcing,1,29,5,3,1,0,60
31515,"Sales & Marketing",region_2,,m,other,2,30,3,4,0,0,45
43824,Analytics,region_26,Bachelors,m,sourcing,1,30,3,5,0,0,87
18600,Technology,region_2,"Masters & above",m,referred,1,34,3,7,0,0,77
49494,Procurement,region_2,"Below Secondary",f,sourcing,3,24,,1,1,0,70
76821,Analytics,region_2,"Masters & above",m,other,1,53,4,6,1,0,88
11378,"Sales & Marketing",region_27,"Masters & above",m,other,1,41,3,7,0,0,49
32242,Technology,region_2,"Masters & above",m,sourcing,1,37,2,10,1,0,78
16142,Technology,region_16,Bachelors,f,sourcing,1,33,3,8,0,0,78
1250,Procurement,region_17,"Masters & above",f,sourcing,1,36,3,4,0,0,66
6366,Technology,region_5,Bachelors,m,sourcing,1,25,,1,0,0,80
65786,Finance,region_13,"Masters & above",m,sourcing,1,33,4,9,0,0,58
52386,"Sales & Marketing",region_29,Bachelors,m,sourcing,1,29,3,6,1,0,50
71833,Procurement,region_2,"Masters & above",m,other,1,48,3,20,0,0,66
1327,"Sales & Marketing",region_26,Bachelors,m,other,1,40,3,10,0,0,49
2383,"Sales & Marketing",region_22,"Masters & above",f,sourcing,1,39,3,10,0,0,50
67658,Analytics,region_32,Bachelors,m,other,1,26,3,2,0,0,84
24637,"Sales & Marketing",region_1,"Masters & above",f,sourcing,1,31,4,6,0,0,50
67379,HR,region_28,"Masters & above",m,other,1,34,4,12,1,0,51
37712,Procurement,region_2,Bachelors,f,other,2,26,3,3,0,0,72
66799,Procurement,region_26,Bachelors,f,other,1,24,2,2,0,0,73
16875,"Sales & Marketing",region_8,"Masters & above",m,sourcing,1,31,3,4,0,0,47
16517,Procurement,region_22,"Masters & above",f,other,1,40,3,3,0,0,72
46895,"Sales & Marketing",region_6,Bachelors,m,other,1,33,5,6,0,0,50
46351,"Sales & Marketing",region_28,Bachelors,m,sourcing,1,36,5,4,1,0,53
25883,Legal,region_16,Bachelors,m,other,1,30,2,1,1,0,58
67480,"Sales & Marketing",region_16,"Masters & above",f,other,1,35,5,7,1,0,44
13471,R&D,region_4,Bachelors,m,sourcing,3,32,4,3,1,0,89
48370,"Sales & Marketing",region_2,Bachelors,m,other,2,34,4,3,1,0,51
1183,Analytics,region_27,Bachelors,m,other,2,35,3,10,0,0,86
66776,Procurement,region_7,Bachelors,f,sourcing,1,28,5,6,0,0,84
53366,Technology,region_17,Bachelors,f,other,1,28,4,2,0,0,81
77194,Procurement,region_11,Bachelors,m,other,1,40,3,10,0,0,69
56386,Procurement,region_13,Bachelors,m,sourcing,1,38,4,9,1,0,69
44243,Technology,region_7,Bachelors,f,sourcing,1,31,3,7,0,0,88
68929,Operations,region_15,"Masters & above",f,sourcing,1,39,2,6,0,0,63
47990,"Sales & Marketing",region_2,Bachelors,m,other,2,26,,1,1,0,53
42308,"Sales & Marketing",region_29,Bachelors,m,other,1,37,2,12,0,0,44
34787,Finance,region_2,Bachelors,m,other,1,41,4,8,1,0,65
30673,Operations,region_2,Bachelors,m,sourcing,1,39,4,2,0,0,61
20454,Operations,region_2,Bachelors,m,sourcing,1,46,3,6,0,0,60
14255,"Sales & Marketing",region_2,"Masters & above",m,other,1,40,5,9,1,0,49
695,"Sales & Marketing",region_22,Bachelors,m,other,1,39,1,5,0,0,50
62976,Operations,region_27,Bachelors,f,sourcing,1,44,5,6,1,0,63
16198,"Sales & Marketing",region_4,"Masters & above",m,other,1,34,1,10,0,0,49
18019,HR,region_2,Bachelors,m,other,1,54,5,13,0,0,52
37984,HR,region_2,Bachelors,m,sourcing,1,48,4,16,0,0,52
2425,"Sales & Marketing",region_26,,m,other,1,29,3,4,0,0,55
40814,Technology,region_31,Bachelors,m,other,1,45,3,11,0,0,77
23800,Procurement,region_16,Bachelors,m,other,1,30,1,5,0,0,72
32889,Procurement,region_26,Bachelors,m,other,1,31,5,7,1,0,69
11336,"Sales & Marketing",region_26,Bachelors,m,sourcing,1,41,5,13,0,0,55
3455,"Sales & Marketing",region_4,Bachelors,m,other,1,44,5,6,0,0,50
58459,Analytics,region_22,"Masters & above",f,other,1,30,3,2,0,0,87
34222,"Sales & Marketing",region_13,Bachelors,f,sourcing,1,30,2,6,0,0,47
19756,Procurement,region_2,Bachelors,f,other,1,36,4,10,0,0,69
22506,Analytics,region_22,Bachelors,m,other,2,35,2,4,0,0,87
7488,Analytics,region_19,Bachelors,m,other,1,33,3,6,0,0,83
42978,Analytics,region_2,Bachelors,m,other,1,35,1,4,0,0,86
57052,"Sales & Marketing",region_2,Bachelors,m,other,1,35,3,8,0,0,49
10424,"Sales & Marketing",region_31,Bachelors,m,other,1,49,3,17,0,0,69
70644,Operations,region_2,Bachelors,f,other,1,29,5,4,1,0,60
42310,Technology,region_33,Bachelors,m,other,1,38,5,10,0,0,88
55184,Finance,region_11,Bachelors,m,other,2,28,5,6,1,1,57
19061,Technology,region_13,Bachelors,m,other,1,35,1,7,0,0,74
72225,Technology,region_21,Bachelors,m,other,2,25,,1,0,0,78
65816,Operations,region_27,Bachelors,m,other,1,43,3,13,0,0,58
33424,Technology,region_2,"Masters & above",f,other,3,39,1,3,0,0,74
73061,"Sales & Marketing",region_7,"Masters & above",m,other,1,34,5,9,1,0,52
57307,"Sales & Marketing",region_7,Bachelors,m,sourcing,1,30,3,7,1,0,48
16751,"Sales & Marketing",region_2,"Masters & above",f,other,1,31,4,5,0,0,51
31709,"Sales & Marketing",region_7,"Masters & above",m,sourcing,2,36,2,10,0,0,45
46319,"Sales & Marketing",region_6,Bachelors,f,sourcing,2,29,3,8,1,0,47
32544,Operations,region_21,Bachelors,m,sourcing,1,38,3,4,0,0,58
29042,Legal,region_2,Bachelors,m,sourcing,1,39,3,3,1,0,60
66787,Technology,region_30,Bachelors,m,sourcing,1,28,,1,1,0,95
58208,Analytics,region_2,Bachelors,m,other,1,43,5,4,1,0,83
53176,Technology,region_2,,m,sourcing,1,41,3,12,0,0,80
6100,Finance,region_22,Bachelors,f,other,1,29,2,9,0,0,59
46547,Finance,region_31,Bachelors,m,other,1,25,3,3,0,0,73
25467,"Sales & Marketing",region_28,"Masters & above",m,other,1,34,5,3,1,0,54
7474,Finance,region_22,"Masters & above",m,sourcing,1,32,3,4,0,0,60
5010,Technology,region_2,Bachelors,f,referred,1,24,4,2,1,0,76
16790,"Sales & Marketing",region_1,"Masters & above",f,other,1,37,5,9,0,0,53
15692,Procurement,region_2,"Below Secondary",m,other,1,25,,1,1,0,68
54516,Analytics,region_2,Bachelors,m,sourcing,2,35,3,8,0,0,83
7725,Technology,region_26,Bachelors,m,other,1,47,3,4,0,0,87
49036,R&D,region_7,"Masters & above",m,other,1,40,4,3,1,0,85
28899,Technology,region_4,Bachelors,m,other,1,28,3,7,0,0,81
48877,"Sales & Marketing",region_30,Bachelors,m,other,2,28,4,5,0,0,49
76815,Operations,region_15,"Masters & above",f,other,1,45,5,15,0,0,58
29086,Procurement,region_27,Bachelors,f,other,1,29,3,2,0,0,73
17697,Operations,region_22,Bachelors,m,sourcing,2,28,2,6,0,0,63
25912,Operations,region_26,Bachelors,f,sourcing,1,28,4,4,0,0,65
33757,HR,region_22,Bachelors,m,referred,1,27,4,2,0,0,51
30353,Operations,region_2,,m,other,2,35,3,5,0,0,55
66863,Analytics,region_14,Bachelors,m,sourcing,2,30,4,1,1,0,85
44598,Operations,region_2,"Masters & above",m,other,2,38,5,2,0,0,58
69056,"Sales & Marketing",region_2,Bachelors,m,other,4,27,3,3,0,0,48
39697,"Sales & Marketing",region_13,Bachelors,m,other,1,39,3,6,0,0,53
9996,Procurement,region_17,"Masters & above",f,sourcing,1,34,5,5,1,0,70
73487,"Sales & Marketing",region_22,Bachelors,m,other,1,22,,1,0,0,46
6239,Operations,region_31,Bachelors,m,sourcing,1,30,4,8,1,0,60
6980,Operations,region_21,"Masters & above",m,sourcing,2,46,3,12,0,1,68
54953,"Sales & Marketing",region_2,"Masters & above",m,other,1,34,1,8,0,0,55
67681,Analytics,region_11,Bachelors,m,sourcing,1,31,5,9,1,0,85
4417,Finance,region_15,Bachelors,m,other,2,36,3,2,0,0,61
75702,Finance,region_32,Bachelors,m,sourcing,2,35,4,7,1,0,60
591,Procurement,region_22,Bachelors,m,other,1,41,4,11,0,0,70
12841,Technology,region_15,Bachelors,m,other,2,35,1,3,0,0,79
43704,Technology,region_25,Bachelors,f,other,1,30,3,4,0,0,80
37689,"Sales & Marketing",region_5,Bachelors,m,other,1,32,,1,1,0,51
3990,Technology,region_10,Bachelors,m,other,1,27,5,4,0,1,81
55454,Technology,region_2,Bachelors,m,referred,1,30,3,3,1,0,80
9677,Operations,region_19,Bachelors,m,sourcing,1,36,5,4,0,0,60
25620,HR,region_2,Bachelors,f,sourcing,1,41,5,6,0,0,48
78280,"Sales & Marketing",region_7,Bachelors,m,sourcing,2,30,,1,0,0,51
69996,"Sales & Marketing",region_14,Bachelors,f,sourcing,1,32,3,6,0,0,50
38992,Technology,region_2,"Masters & above",m,sourcing,3,34,3,5,1,0,76
61755,Procurement,region_22,Bachelors,m,other,1,32,3,5,0,0,69
29966,Operations,region_2,"Masters & above",f,other,1,55,3,23,1,0,66
51673,"Sales & Marketing",region_27,Bachelors,m,other,1,27,4,4,0,0,51
36870,Operations,region_3,"Masters & above",m,sourcing,1,33,5,5,1,0,61
23116,Operations,region_1,"Masters & above",m,other,1,36,3,7,0,0,62
54222,"Sales & Marketing",region_22,Bachelors,m,sourcing,1,33,3,9,1,0,48
2454,Operations,region_28,Bachelors,m,other,1,30,3,4,1,0,57
9994,"Sales & Marketing",region_2,"Masters & above",m,other,2,44,4,14,1,0,48
14705,Operations,region_16,Bachelors,m,sourcing,1,39,1,8,0,0,57
74684,"Sales & Marketing",region_22,Bachelors,m,sourcing,1,38,1,7,0,0,50
43067,HR,region_2,Bachelors,m,other,1,32,2,3,0,0,44
56434,"Sales & Marketing",region_26,Bachelors,m,sourcing,1,51,3,13,0,0,50
76328,Procurement,region_30,Bachelors,f,other,1,38,3,9,0,0,71
39928,"Sales & Marketing",region_11,Bachelors,m,sourcing,1,26,,1,0,0,49
64375,"Sales & Marketing",region_10,"Masters & above",f,other,1,31,2,2,1,0,53
12320,"Sales & Marketing",region_25,"Masters & above",m,other,1,37,5,6,1,0,49
20464,Procurement,region_13,Bachelors,m,sourcing,1,32,3,6,0,0,65
31764,Operations,region_2,Bachelors,f,other,1,32,3,6,1,0,60
47215,"Sales & Marketing",region_2,Bachelors,f,other,2,31,5,5,1,0,50
33910,Procurement,region_2,Bachelors,m,sourcing,1,47,4,15,1,0,66
3485,Procurement,region_15,Bachelors,m,other,1,34,4,6,0,0,61
73471,Procurement,region_22,"Masters & above",m,other,1,36,3,9,0,0,73
9251,Finance,region_2,Bachelors,m,sourcing,1,40,3,6,1,0,59
59688,Operations,region_2,Bachelors,f,sourcing,1,50,3,4,1,0,55
56262,Operations,region_22,Bachelors,m,other,1,27,1,4,1,0,61
12803,Operations,region_22,Bachelors,f,other,1,32,4,8,0,0,60
68388,Operations,region_22,Bachelors,f,other,1,36,4,9,0,0,74
32344,"Sales & Marketing",region_19,Bachelors,m,other,1,35,3,5,1,0,49
71931,Legal,region_31,Bachelors,m,other,1,35,3,6,0,0,61
55130,Technology,region_11,"Masters & above",m,other,1,41,2,2,0,0,81
47604,"Sales & Marketing",region_2,"Masters & above",m,sourcing,1,32,5,5,0,0,55
